order_id,customer_id,amount,gst_amount,final_amount,order_date,month,year,day,region,product
1,9961,758,136.44,894.44,2024-03-06,3,2024,6,South,Laptop
2,5193,2718,489.24,3207.24,2025-07-19,7,2025,19,North,Mobile
3,9825,4927,886.86,5813.86,2025-04-23,4,2025,23,East,Tablet
4,4844,3661,658.98,4319.98,2024-11-16,11,2024,16,South,Headphones
5,7598,1097,197.46,1294.46,2024-11-12,11,2024,12,East,Smartwatch
6,9447,3145,566.1,3711.1,2025-09-19,9,2025,19,East,Shoes
7,5609,210,37.8,247.8,2024-03-03,3,2024,3,North,T-Shirt
8,6430,1558,280.44,1838.44,2025-05-24,5,2025,24,Central,Backpack
9,3108,3566,641.88,4207.88,2024-05-27,5,2024,27,Central,Monitor
10,6760,1913,344.34,2257.34,2024-03-09,3,2024,9,East,Keyboard
11,2419,225,40.5,265.5,2025-01-19,1,2025,19,Central,Laptop
12,8739,4653,837.54,5490.54,2025-12-14,12,2025,14,East,Mobile
13,8019,3313,596.34,3909.34,2025-06-21,6,2025,21,West,Tablet
14,5374,4583,824.9399999999999,5407.94,2025-07-10,7,2025,10,Central,Headphones
15,7148,1718,309.24,2027.24,2025-06-08,6,2025,8,East,Smartwatch
16,7557,2983,536.9399999999999,3519.94,2025-07-28,7,2025,28,Central,Shoes
17,3706,1291,232.38,1523.38,2025-01-10,1,2025,10,East,T-Shirt
18,7879,1479,266.22,1745.22,2024-04-03,4,2024,3,South,Backpack
19,9850,2814,506.52,3320.52,2025-09-05,9,2025,5,West,Monitor
20,8752,4496,809.28,5305.28,2024-11-25,11,2024,25,West,Keyboard
21,3247,4910,883.8,5793.8,2024-12-31,12,2024,31,North,Laptop
22,9334,3111,559.98,3670.98,2024-09-28,9,2024,28,South,Mobile
23,8142,2659,478.62,3137.62,2024-05-13,5,2024,13,West,Tablet
24,6134,2978,536.04,3514.04,2025-11-08,11,2025,8,North,Headphones
25,7070,4008,721.4399999999999,4729.44,2025-07-25,7,2025,25,Central,Smartwatch
26,9426,2822,507.96,3329.96,2025-04-15,4,2025,15,Central,Shoes
27,1159,603,108.54,711.54,2024-10-21,10,2024,21,South,T-Shirt
28,8372,2426,436.68,2862.68,2025-08-24,8,2025,24,Central,Backpack
29,3720,3272,588.9599999999999,3860.96,2025-02-02,2,2025,2,East,Monitor
30,8984,153,27.54,180.54,2024-11-20,11,2024,20,North,Keyboard
31,8363,2275,409.5,2684.5,2024-11-25,11,2024,25,Central,Laptop
32,4374,824,148.32,972.32,2024-06-15,6,2024,15,North,Mobile
33,3413,4866,875.88,5741.88,2024-03-08,3,2024,8,South,Tablet
34,3126,3580,644.4,4224.4,2025-02-09,2,2025,9,Central,Headphones
35,1318,932,167.76,1099.76,2025-10-11,10,2025,11,West,Smartwatch
36,4881,4534,816.12,5350.12,2024-02-16,2,2024,16,West,Shoes
37,1451,1827,328.86,2155.86,2025-09-19,9,2025,19,West,T-Shirt
38,3183,645,116.1,761.1,2025-08-27,8,2025,27,Central,Backpack
39,1662,1389,250.02,1639.02,2024-07-21,7,2024,21,East,Monitor
40,1812,4793,862.74,5655.74,2025-04-06,4,2025,6,Central,Keyboard
41,2661,1743,313.74,2056.74,2024-04-30,4,2024,30,Central,Laptop
42,5968,1609,289.62,1898.62,2025-07-08,7,2025,8,West,Mobile
43,5143,990,178.2,1168.2,2025-05-27,5,2025,27,South,Tablet
44,2327,1663,299.34,1962.34,2024-09-16,9,2024,16,North,Headphones
45,2145,2042,367.56,2409.56,2024-02-19,2,2024,19,South,Smartwatch
46,3701,478,86.03999999999999,564.04,2025-12-10,12,2025,10,East,Shoes
47,8227,155,27.9,182.9,2024-11-21,11,2024,21,West,T-Shirt
48,6229,1944,349.92,2293.92,2025-10-14,10,2025,14,South,Backpack
49,6800,2648,476.64,3124.64,2025-05-10,5,2025,10,West,Monitor
50,3868,766,137.88,903.88,2025-07-22,7,2025,22,North,Keyboard
51,9139,654,117.72,771.72,2025-07-09,7,2025,9,North,Laptop
52,3312,900,162.0,1062.0,2024-05-22,5,2024,22,North,Mobile
53,4872,3063,551.34,3614.34,2024-09-23,9,2024,23,Central,Tablet
54,3667,408,73.44,481.44,2024-12-07,12,2024,7,Central,Headphones
55,9150,448,80.64,528.64,2024-12-29,12,2024,29,South,Smartwatch
56,2486,1540,277.2,1817.2,2024-02-02,2,2024,2,East,Shoes
57,6156,949,170.82,1119.82,2025-02-03,2,2025,3,North,T-Shirt
58,5034,360,64.8,424.8,2024-04-22,4,2024,22,North,Backpack
59,2330,1109,199.62,1308.62,2025-06-27,6,2025,27,South,Monitor
60,6202,2596,467.28,3063.28,2025-05-14,5,2025,14,West,Keyboard
61,2573,2674,481.32,3155.32,2025-11-05,11,2025,5,West,Laptop
62,4451,709,127.62,836.62,2025-06-28,6,2025,28,West,Mobile
63,8805,1786,321.48,2107.48,2024-09-25,9,2024,25,East,Tablet
64,2829,906,163.07999999999998,1069.08,2025-12-08,12,2025,8,West,Headphones
65,5424,3258,586.4399999999999,3844.44,2024-10-27,10,2024,27,East,Smartwatch
66,9483,1632,293.76,1925.76,2024-08-26,8,2024,26,East,Shoes
67,5310,3424,616.3199999999999,4040.32,2025-10-23,10,2025,23,Central,T-Shirt
68,6420,921,165.78,1086.78,2024-09-27,9,2024,27,Central,Backpack
69,7361,4677,841.86,5518.86,2024-02-25,2,2024,25,South,Monitor
70,4488,2540,457.2,2997.2,2024-12-09,12,2024,9,South,Keyboard
71,7984,2346,422.28,2768.28,2025-08-04,8,2025,4,North,Laptop
72,3438,2130,383.4,2513.4,2024-05-18,5,2024,18,East,Mobile
73,7152,1518,273.24,1791.24,2024-12-04,12,2024,4,West,Tablet
74,7262,4321,777.78,5098.78,2024-04-04,4,2024,4,Central,Headphones
75,7650,4606,829.0799999999999,5435.08,2025-05-16,5,2025,16,Central,Smartwatch
76,4228,2781,500.58,3281.58,2024-12-13,12,2024,13,West,Shoes
77,1362,3727,670.86,4397.86,2024-08-29,8,2024,29,East,T-Shirt
78,7431,1536,276.48,1812.48,2024-06-14,6,2024,14,Central,Backpack
79,9180,1513,272.34,1785.34,2025-02-16,2,2025,16,Central,Monitor
80,5789,2096,377.28,2473.28,2025-05-04,5,2025,4,West,Keyboard
81,9814,2892,520.56,3412.56,2025-11-18,11,2025,18,North,Laptop
82,8181,281,50.58,331.58,2024-11-15,11,2024,15,North,Mobile
83,8320,1528,275.04,1803.04,2024-04-27,4,2024,27,East,Tablet
84,3749,2839,511.02,3350.02,2025-08-31,8,2025,31,East,Headphones
85,2531,702,126.36,828.36,2025-04-05,4,2025,5,West,Smartwatch
86,6400,4377,787.86,5164.86,2025-05-26,5,2025,26,Central,Shoes
87,6579,3849,692.8199999999999,4541.82,2024-03-12,3,2024,12,North,T-Shirt
88,7762,2847,512.46,3359.46,2024-08-16,8,2024,16,South,Backpack
89,8320,797,143.46,940.46,2025-07-15,7,2025,15,East,Monitor
90,8554,466,83.88,549.88,2025-08-31,8,2025,31,North,Keyboard
91,6533,2872,516.96,3388.96,2024-11-14,11,2024,14,North,Laptop
92,5786,4664,839.52,5503.52,2025-08-11,8,2025,11,West,Mobile
93,1564,1610,289.8,1899.8,2025-09-07,9,2025,7,West,Tablet
94,1749,872,156.96,1028.96,2024-10-10,10,2024,10,East,Headphones
95,8970,2579,464.22,3043.22,2025-10-18,10,2025,18,South,Smartwatch
96,6390,969,174.42,1143.42,2024-07-29,7,2024,29,South,Shoes
97,1764,653,117.54,770.54,2024-06-24,6,2024,24,South,T-Shirt
98,3216,1303,234.54,1537.54,2025-05-13,5,2025,13,South,Backpack
99,3958,3862,695.16,4557.16,2025-04-10,4,2025,10,West,Monitor
100,1151,2256,406.08,2662.08,2024-04-12,4,2024,12,Central,Keyboard
101,6955,1838,330.84,2168.84,2025-08-31,8,2025,31,South,Laptop
102,8249,2804,504.72,3308.72,2024-05-26,5,2024,26,North,Mobile
103,9557,4789,862.02,5651.02,2025-08-11,8,2025,11,South,Tablet
104,1833,1048,188.64,1236.64,2024-01-06,1,2024,6,South,Headphones
105,8807,3479,626.22,4105.22,2025-08-05,8,2025,5,North,Smartwatch
